EMAIL,FIRSTNAME,LASTNAME,STARTUP,SALUTATION,SUBJECT_LINE,INTRO,OBSERVATION,LANDING_IDEA,OFFER_CTA,SOURCE_SITE,PRIORITY,SEQUENCE_DAY,DATA_ORIGIN,STATUS
contact@uplace.fr,,,Uplace,"Bonjour l’équipe Uplace,",Uplace : rendre les 60 % de temps gagné visibles dès le hero,"Je suis retourné sur votre parcours destiné aux agents immobiliers. Le contraste entre les candidatures dispersées, les 450 contrôles par dossier et la centralisation dans Uplace raconte déjà très bien le problème.","En revanche, vos trois preuves les plus fortes — 60 % de temps gagné, 100 % des candidatures traitées et 88 % des visites honorées — arrivent après beaucoup de contenu. Elles pourraient porter la démonstration dès le premier écran.","Je verrais une landing courte construite comme un avant/après : boîte mail saturée, activation d’un lot, présélection puis planification automatique, avec un écran produit et une preuve client à chaque étape.","Je realise chez MC Studio des landing pages et sites complets pour clarifier l'offre, renforcer la confiance et generer plus de demandes qualifiees. Une landing page demarre a 1 890 EUR HT et un site 5 pages a 2 990 EUR HT.",https://uplace.fr/,Haute,J3,Base existante MC Studio - validation-mails-brevo-startups-lyon.xlsx,ready_for_brevo_review
contact@chat3d.ai,,,Chat3D,"Bonjour l’équipe Chat3D,",Chat3D : montrer le gain x5 sur un workflow 3D concret,"J’ai parcouru votre présentation des outils sur mesure, du blocking jusqu’à la validation, en passant par la retopologie, les UV et le texturing. La profondeur technique est évidente.",Le visiteur doit toutefois reconstituer lui-même le bénéfice global. Votre promesse de multiplier jusqu’à cinq la productivité des artistes serait plus crédible si elle était reliée à un seul asset suivi de bout en bout.,"Une landing pourrait montrer une référence initiale, les étapes automatisées dans le logiciel du studio, puis l’asset validé selon les contraintes AAA — tout en insistant sur votre approche ciblée, et non sur une automatisation “boîte noire”.","Je realise chez MC Studio des landing pages et sites complets pour clarifier l'offre, renforcer la confiance et generer plus de demandes qualifiees. Une landing page demarre a 1 890 EUR HT et un site 5 pages a 2 990 EUR HT.",https://chat3d.ai/,Haute,J1,Base existante MC Studio - validation-mails-brevo-startups-lyon.xlsx,ready_for_brevo_review
contact@sopht.com,,,Sopht,"Bonjour l’équipe Sopht,",Sopht : faire du ROI x4 le fil rouge de la page,"J’ai regardé comment vous reliez les données cloud, on-premise, terminaux et applications pour produire des actions prioritaires sur les coûts et le carbone.",Les preuves sont fortes — jusqu’à 4 € d’économies pour 1 € investi et 1 tCO₂e évitée pour 10 € — mais elles restent assez éloignées du parcours produit qui les rend possibles.,"Je verrais une landing en trois temps : connexion du parc IT, recommandations classées par ROI, puis trajectoire budget/CO₂ avec responsables et objectifs. Cela rendrait le passage de la mesure à la décision immédiatement visible.","Je realise chez MC Studio des landing pages et sites complets pour clarifier l'offre, renforcer la confiance et generer plus de demandes qualifiees. Une landing page demarre a 1 890 EUR HT et un site 5 pages a 2 990 EUR HT.",https://sopht.com/,Haute,J3,Base existante MC Studio - validation-mails-brevo-startups-lyon.xlsx,ready_for_brevo_review
contact@urgentime.com,,,Urgentime,"Bonjour l’équipe Urgentime,",Urgentime : montrer un visio-diagnostic en trois écrans,"Je suis allé voir votre promesse de visio-diagnostic sans installation côté client, déjà adoptée par des groupes comme Orange, EDF ou Leroy Merlin.","Le message “stop aux déplacements inutiles” est clair, mais le déroulé réel d’une intervention reste moins immédiat pour un nouveau visiteur.","Une landing dédiée pourrait montrer le lien reçu par SMS, l’ouverture de la caméra et l’assistance en direct, puis la résolution documentée et le déplacement évité. Trois écrans suffiraient à rendre la valeur opérationnelle très concrète.","Je realise chez MC Studio des landing pages et sites complets pour clarifier l'offre, renforcer la confiance et generer plus de demandes qualifiees. Une landing page demarre a 1 890 EUR HT et un site 5 pages a 2 990 EUR HT.",https://www.urgentime.com/,Moyenne,J5,Base existante MC Studio - validation-mails-brevo-startups-lyon.xlsx,ready_for_brevo_review
contact-us@wecount.io,,,WeCount,"Bonjour l’équipe WeCount,",WeCount : transformer le -48 % tCO₂e en parcours concret,"J’ai parcouru votre nouvelle page Climat & ESG, avec la plateforme, l’expertise de vos équipes et les résultats affichés auprès de plus de 700 entreprises.","Le -48 % tCO₂e visible dans le hero attire l’attention, mais un visiteur ne comprend pas encore immédiatement quelles étapes de WeCount produisent ce résultat.","Une landing pourrait suivre une entreprise de la collecte de données à la priorisation du plan d’action, puis au pilotage de la trajectoire. Cela clarifierait aussi la complémentarité entre logiciel, accompagnement et formation.","Je realise chez MC Studio des landing pages et sites complets pour clarifier l'offre, renforcer la confiance et generer plus de demandes qualifiees. Une landing page demarre a 1 890 EUR HT et un site 5 pages a 2 990 EUR HT.",https://www.wecount.io/,Haute,J1,Base existante MC Studio - validation-mails-brevo-startups-lyon.xlsx,ready_for_brevo_review
contact@oligofeed.com,,,Oligofeed,"Bonjour l’équipe Oligofeed,",Pep’up : relier dix ans de recherche au quotidien de l’apiculteur,"J’ai découvert votre approche de micronutrition animale issue de plus de dix ans de recherche, ainsi que le constat très marquant des 20 % de pertes d’abeilles considérées comme une “bonne année”.","La crédibilité scientifique est forte, mais le passage entre cette recherche et l’usage concret de Pep’up reste encore discret sur la page d’accueil.","Je verrais une landing qui suit une saison apicole : problème observé, protocole Pep’up, bénéfice attendu et preuves issues des essais. Cela parlerait directement aux apiculteurs sans réduire la profondeur scientifique du projet.","Je realise chez MC Studio des landing pages et sites complets pour clarifier l'offre, renforcer la confiance et generer plus de demandes qualifiees. Une landing page demarre a 1 890 EUR HT et un site 5 pages a 2 990 EUR HT.",https://oligofeed.com/,Haute,J2,Base existante MC Studio - validation-mails-brevo-startups-lyon.xlsx,ready_for_brevo_review
info@miuros.com,,,Miuros,"Bonjour l’équipe Miuros,",Miuros by Dixa : clarifier le rôle de l’analytics CX,J’ai vu que miuros.com renvoie désormais vers Dixa et présente Miuros comme un “data scientist virtuel” pour les équipes de service client internationales.,"Entre analytics, quality assurance et automatisation, la valeur du produit peut se diluer dans l’écosystème Dixa, alors que vos tableaux de bord flexibles et les opportunités de coaching constituent un cas d’usage très lisible.","Une landing dédiée pourrait partir d’un lot de conversations, montrer la détection d’un problème qualité, puis l’action de coaching et l’amélioration mesurée. Le rôle propre de Miuros deviendrait immédiatement évident.","Je realise chez MC Studio des landing pages et sites complets pour clarifier l'offre, renforcer la confiance et generer plus de demandes qualifiees. Une landing page demarre a 1 890 EUR HT et un site 5 pages a 2 990 EUR HT.",https://miuros.com/,Moyenne,J5,Base existante MC Studio - validation-mails-brevo-startups-lyon.xlsx,ready_for_brevo_review
contact@wizaplace.com,,,Wizaplace,"Bonjour l’équipe Wizaplace,",Wizaplace : une landing par projet marketplace,"J’ai parcouru votre solution tout-en-un et ses nombreux terrains de jeu : marketplace B2B, B2C, centrale d’achats, économie circulaire, banque et assurance.","Cette richesse prouve la modularité de Wizaplace, mais elle oblige un prospect à chercher longtemps le scénario qui correspond à son projet. Vos arguments de déploiement rapide et d’absence de commission méritent aussi d’être reliés à un cas précis.","Je verrais une landing par cas d’usage — par exemple économie circulaire ou centrale d’achats — avec le lancement en étapes, les écrans opérateur/vendeur et une preuve de mise en marché en quelques mois.","Je realise chez MC Studio des landing pages et sites complets pour clarifier l'offre, renforcer la confiance et generer plus de demandes qualifiees. Une landing page demarre a 1 890 EUR HT et un site 5 pages a 2 990 EUR HT.",https://www.wizaplace.com/,Basse,J5,Base existante MC Studio - validation-mails-brevo-startups-lyon.xlsx,ready_for_brevo_review
contact@cosmotech.com,,,Cosmo Tech,"Bonjour l’équipe Cosmo Tech,",Cosmo Tech : montrer une décision simulée avant qu’elle coûte,"J’ai regardé votre positionnement AI-Simulation sur les portefeuilles d’actifs et la supply chain, avec la promesse de tester des scénarios complexes avant leur déploiement.","La plateforme est puissante, mais les notions d’interdépendances, de données synthétiques et de stratégie résiliente restent abstraites sans une décision métier mise en scène.","Une landing pourrait suivre un scénario unique : situation de référence, choc sur le réseau ou la supply chain, options simulées puis stratégie retenue, avec votre accélération du time-to-value jusqu’à 20x comme preuve finale.","Je realise chez MC Studio des landing pages et sites complets pour clarifier l'offre, renforcer la confiance et generer plus de demandes qualifiees. Une landing page demarre a 1 890 EUR HT et un site 5 pages a 2 990 EUR HT.",https://cosmotech.com/,Basse,J5,Base existante MC Studio - validation-mails-brevo-startups-lyon.xlsx,ready_for_brevo_review
contact@edenai.co,,,Eden AI,"Bonjour l’équipe Eden AI,","Eden AI : une landing « 1 API, 500+ modèles »","J’ai parcouru votre offre actuelle : plus de 500 modèles accessibles via une API, comparaison par prix, performance et région, endpoint européen et fallback automatique.","Les preuves de confiance sont solides — 200 000 développeurs, 99,99 % d’uptime, ZDR, SOC 2 et ISO 27001 — mais la différence pourrait être comprise encore plus vite dans un scénario de production.","Je verrais une landing avec un même appel API routé entre deux fournisseurs, puis un basculement automatique lors d’une indisponibilité et le gain de coût obtenu. La souveraineté et le contrôle deviendraient tangibles en quelques secondes.","Je realise chez MC Studio des landing pages et sites complets pour clarifier l'offre, renforcer la confiance et generer plus de demandes qualifiees. Une landing page demarre a 1 890 EUR HT et un site 5 pages a 2 990 EUR HT.",https://www.edenai.co/,Moyenne,J4,Base existante MC Studio - validation-mails-brevo-startups-lyon.xlsx,ready_for_brevo_review
contact@skezi.eu,,,SKEZI,"Bonjour l’équipe SKEZI,",SKEZI : raconter une étude patient de bout en bout,"J’ai parcouru vos solutions de collecte de données auprès des patients, aidants et soignants, ainsi que vos références comme Le French Gut, Spoon et ComPaRe.","Les chiffres — plus de 600 000 patients, 20 millions de données et 60 publications — sont très convaincants, mais les parcours Associations, Académiques, Hôpitaux, Industriels et Professionnels de santé se retrouvent sur la même page.","Une landing dédiée à un seul public pourrait suivre la création d’une e-cohorte, l’envoi des e-PROs, la participation patient puis la valorisation des résultats. Le bénéfice métier serait plus rapide à saisir.","Je realise chez MC Studio des landing pages et sites complets pour clarifier l'offre, renforcer la confiance et generer plus de demandes qualifiees. Une landing page demarre a 1 890 EUR HT et un site 5 pages a 2 990 EUR HT.",https://skezi.eu/,Moyenne,J4,Base existante MC Studio - validation-mails-brevo-startups-lyon.xlsx,ready_for_brevo_review
contact@datacapt.com,,,Datacapt,"Bonjour l’équipe Datacapt,",Datacapt : montrer une étude clinique de l’eCRF au reporting,"J’ai exploré votre plateforme eClinical et ses preuves d’échelle : plus de 10 000 études, 700 000 patients, 6 000 sites et 3 milliards de points de données.","EDC, ePRO, eConsent, randomisation, supply, télévisites et CTMS montrent une couverture impressionnante, mais cette largeur peut masquer la simplicité annoncée face aux outils historiques.","Une landing par profil — par exemple CRO ou dispositif médical — pourrait montrer la création sans code d’un eCRF, le consentement, la visite puis le reporting, en s’appuyant sur vos démonstrations interactives existantes.","Je realise chez MC Studio des landing pages et sites complets pour clarifier l'offre, renforcer la confiance et generer plus de demandes qualifiees. Une landing page demarre a 1 890 EUR HT et un site 5 pages a 2 990 EUR HT.",https://www.datacapt.com/,Moyenne,J4,Base existante MC Studio - validation-mails-brevo-startups-lyon.xlsx,ready_for_brevo_review
contact@verleyfood.com,,,Verley,"Bonjour l’équipe Verley,",Verley : faire choisir FermWhey par l’usage produit,"J’ai découvert votre gamme FermWhey — Native, Native 100, MicroStab et Gel — ainsi que votre ambition de faire évoluer l’industrie laitière grâce à la fermentation de précision.","La technologie et la mission environnementale sont bien présentes, mais un industriel peut encore hésiter sur l’ingrédient adapté à son application et sur le bénéfice fonctionnel attendu.","Une landing pourrait partir de trois besoins formulaires — nutrition, stabilisation, texture — puis associer chaque besoin à une protéine, une démonstration d’application et un résultat mesurable avant d’expliquer le procédé.","Je realise chez MC Studio des landing pages et sites complets pour clarifier l'offre, renforcer la confiance et generer plus de demandes qualifiees. Une landing page demarre a 1 890 EUR HT et un site 5 pages a 2 990 EUR HT.",https://verley-food.com/,Haute,J3,Base existante MC Studio - validation-mails-brevo-startups-lyon.xlsx,ready_for_brevo_review
m.manueljoao@komia.io,,,Komia,"Bonjour Manuel,",Komia : montrer la journée d’un restaurateur dans une seule interface,"J’ai regardé comment Komia réunit le planning, les variables de paie, la conformité HACCP et les stocks pour plus de 1 000 établissements.","Le “tout-en-un” est clair, mais les trois modules restent présentés séparément alors que votre vraie force est d’éviter au manager de passer d’un logiciel à l’autre.","Une landing pourrait suivre une journée : absence à remplacer, relevé de température, commande fournisseur en deux clics puis contrôle de marge, le tout relié à la caisse. Cela rendrait le gain de temps immédiatement concret.","Je realise chez MC Studio des landing pages et sites complets pour clarifier l'offre, renforcer la confiance et generer plus de demandes qualifiees. Une landing page demarre a 1 890 EUR HT et un site 5 pages a 2 990 EUR HT.",https://www.komia.io/,Haute,J4,Base existante MC Studio - validation-mails-brevo-startups-lyon.xlsx,ready_for_brevo_review
eu_sales@agathalife.com,,,Agatha,"Bonjour l’équipe Agatha Europe,",Agatha : une landing eTMF centrée sur une biotech,"J’ai parcouru votre suite documentaire pour la recherche clinique : eTMF, Remote ISF, SOP, Quality et Regulatory, avec des parcours distincts pour biotech, medtech, pharma et CRO.","La couverture est rassurante, mais un nouveau visiteur peut difficilement identifier le premier produit à considérer et le bénéfice immédiat par rapport à son organisation actuelle.","Je verrais une landing eTMF dédiée aux biotechs : documents essentiels centralisés, complétude visible, échanges avec les sites puis préparation de l’audit — en gardant votre promesse de déploiement simple et sans formation complexe.","Je realise chez MC Studio des landing pages et sites complets pour clarifier l'offre, renforcer la confiance et generer plus de demandes qualifiees. Une landing page demarre a 1 890 EUR HT et un site 5 pages a 2 990 EUR HT.",https://fr.agathalife.com/,Moyenne,J5,Base existante MC Studio - validation-mails-brevo-startups-lyon.xlsx,ready_for_brevo_review
contact@reecall.com,,,Reecall,"Bonjour l’équipe Reecall,",Reecall : mettre le scénario OBAT au centre de la démonstration,"J’ai parcouru votre nouvelle plateforme et le cas OBAT autour de la disponibilité des artisans, parmi plus de 35 millions d’interactions et 450 scénarios déjà traités.","Construire, connecter et améliorer sont bien expliqués, mais le visiteur doit encore imaginer la conversation réelle et l’action déclenchée dans le CRM ou par SMS.","Une landing pourrait faire écouter un appel entrant, afficher la qualification par l’agent vocal puis la confirmation envoyée et la donnée remontée au CRM. Les 20 langues et le déploiement en quelques heures renforceraient ensuite la preuve.","Je realise chez MC Studio des landing pages et sites complets pour clarifier l'offre, renforcer la confiance et generer plus de demandes qualifiees. Une landing page demarre a 1 890 EUR HT et un site 5 pages a 2 990 EUR HT.",https://reecall.com/fr,Haute,J3,Base existante MC Studio - validation-mails-brevo-startups-lyon.xlsx,ready_for_brevo_review
contact@vizcab.io,,,Vizcab,"Bonjour l’équipe Vizcab,","Vizcab : une landing pour choisir entre Platform, Excel et API","J’ai regardé votre écosystème carbone : plateforme ACV, Campus, add-in Excel et API, avec plus de 21 000 EPD accessibles et 95 % de satisfaction.","Cette richesse répond à plusieurs niveaux de maturité, mais elle peut rendre le premier choix difficile pour un bureau d’études ou une équipe de conception qui arrive avec un projet précis.","Une landing orientée conception pourrait partir d’un bâtiment, comparer deux variantes matériaux dans Excel ou la plateforme, puis montrer la réduction obtenue et le passage au reporting CSRD.","Je realise chez MC Studio des landing pages et sites complets pour clarifier l'offre, renforcer la confiance et generer plus de demandes qualifiees. Une landing page demarre a 1 890 EUR HT et un site 5 pages a 2 990 EUR HT.",https://vizcab.io/,Moyenne,J5,Base existante MC Studio - validation-mails-brevo-startups-lyon.xlsx,ready_for_brevo_review
communication@deeplink-medical.com,,,Deeplink Medical,"Bonjour l’équipe communication,",IMADIS Groupe : une landing par décideur hospitalier,"J’ai vu que le site Deeplink Medical renvoie désormais vers IMADIS Groupe, qui réunit téléradiologie, télémédecine nucléaire et plateformes comme ITIS, DLMbox et MIRIO.","Les preuves sont fortes — plus de 700 médecins, 16 centres et 200 établissements accompagnés 24 h/24 — mais les besoins d’un DSI, d’un chef de service et d’une direction d’établissement sont très différents.","Une landing par décideur pourrait suivre le transfert d’images, l’interprétation à distance et le retour sécurisé du compte rendu, avec les garanties techniques et opérationnelles placées au bon moment.","Je realise chez MC Studio des landing pages et sites complets pour clarifier l'offre, renforcer la confiance et generer plus de demandes qualifiees. Une landing page demarre a 1 890 EUR HT et un site 5 pages a 2 990 EUR HT.",https://www.deeplink-medical.com/,Moyenne,J4,Base existante MC Studio - validation-mails-brevo-startups-lyon.xlsx,ready_for_brevo_review
contact@mob-energy.com,,,Mob-Energy,"Bonjour l’équipe Mob-Energy,",Eiko : montrer 25 véhicules rechargés avec un seul câble,"J’ai parcouru la plateforme Eiko : installation en trois jours sans terrassement, jusqu’à 25 véhicules avec un seul raccordement et optimisation de la puissance disponible.","C’est une démonstration très différenciante, mais elle gagnerait à être visualisée comme un problème électrique concret plutôt que comme une liste de capacités.","Une landing pourrait comparer le même parking avant/après Eiko : travaux et puissance requis d’un côté, raccordement unique, priorisation et stockage en heures creuses de l’autre, avec les références Airbus ou DHL en preuve.","Je realise chez MC Studio des landing pages et sites complets pour clarifier l'offre, renforcer la confiance et generer plus de demandes qualifiees. Une landing page demarre a 1 890 EUR HT et un site 5 pages a 2 990 EUR HT.",https://www.mob-energy.com/,Haute,J2,Base existante MC Studio - validation-mails-brevo-startups-lyon.xlsx,ready_for_brevo_review
contact@foodprint.eco,,,FoodPrint,"Bonjour l’équipe FoodPrint,",FoodPrint : montrer un menu plus durable et rentable en deux clics,"J’ai regardé votre promesse de menus plus durables et plus rentables en deux clics, avec l’analyse environnementale et nutritionnelle directement appliquée aux recettes.","La page s’adresse à la fois aux restaurateurs et aux responsables RSE. Le premier veut agir sur une recette et sa marge ; le second veut mesurer, afficher et intégrer les données au bilan carbone.","Une landing restaurateur pourrait montrer une recette importée, son impact, une variante bas carbone puis l’effet sur la rentabilité. Les références Crous, Compass ou Vinci apporteraient ensuite la confiance.","Je realise chez MC Studio des landing pages et sites complets pour clarifier l'offre, renforcer la confiance et generer plus de demandes qualifiees. Une landing page demarre a 1 890 EUR HT et un site 5 pages a 2 990 EUR HT.",https://www.foodprint.eco/,Haute,J1,Base existante MC Studio - validation-mails-brevo-startups-lyon.xlsx,ready_for_brevo_review
contact@onlynnov.com,,,Onlynnov,"Bonjour l’équipe Onlynnov,",Onlynnov : une landing Tech360 par risque métier,"J’ai parcouru vos offres pour le numérique, la santé et l’électronique, ainsi que votre simulateur qui permet d’obtenir un tarif en trois clics parmi plus de 20 assurances.",Votre spécialisation est réelle — plus de 700 entreprises tech accompagnées — mais un éditeur SaaS ou une medtech doit encore parcourir beaucoup de contrats avant de relier son risque à la bonne couverture.,"Une landing Tech360 pourrait partir de trois incidents concrets — erreur logicielle, cyberattaque, engagement contractuel — puis montrer la couverture RC Pro + Cyber et conduire directement au simulateur.","Je realise chez MC Studio des landing pages et sites complets pour clarifier l'offre, renforcer la confiance et generer plus de demandes qualifiees. Une landing page demarre a 1 890 EUR HT et un site 5 pages a 2 990 EUR HT.",https://onlynnov.com/,Haute,J2,Base existante MC Studio - validation-mails-brevo-startups-lyon.xlsx,ready_for_brevo_review
contact@moofize.fr,,,Moofize,"Bonjour l’équipe Moofize,",Moofize : montrer le rendez-vous laboratoire–médecin de bout en bout,"J’ai regardé votre application B2B qui relie l’industrie de la santé aux praticiens, avec prise de rendez-vous, consignes de réception et information médicale multicanale.","La valeur existe des deux côtés, mais la page demande encore au visiteur d’imaginer qui initie l’échange et comment Moofize réduit réellement les interruptions dans le cabinet.","Une landing pourrait suivre une demande de visite médicale, le créneau choisi selon les consignes du praticien, puis l’accès au contenu après le rendez-vous. Le gain pour le médecin et le laboratoire serait visible dans le même parcours.","Je realise chez MC Studio des landing pages et sites complets pour clarifier l'offre, renforcer la confiance et generer plus de demandes qualifiees. Une landing page demarre a 1 890 EUR HT et un site 5 pages a 2 990 EUR HT.",https://moofize.fr/,Haute,J2,Base existante MC Studio - validation-mails-brevo-startups-lyon.xlsx,ready_for_brevo_review
contact@routyn.tech,,,Routyn,"Bonjour l’équipe Routyn,",Routyn : une landing par routine commerciale industrielle,"J’ai parcouru votre méthode pour les cycles industriels longs, avec une visibilité recherchée à 6–9 mois, plus de 60 entreprises accompagnées et un NPS de 96 %.","Vos cas Omerin, Fluoptics, Michelin ou Union Plastic sont très parlants, mais ils apparaissent après une présentation large de la méthode et des nombreux leviers activables.","Une landing par secteur pourrait partir d’une routine précise — réactivation de devis ou prospection distributeurs — montrer le cadrage, le déploiement puis un résultat comme les 25 leads mensuels de Fluoptics.","Je realise chez MC Studio des landing pages et sites complets pour clarifier l'offre, renforcer la confiance et generer plus de demandes qualifiees. Une landing page demarre a 1 890 EUR HT et un site 5 pages a 2 990 EUR HT.",https://routyn.fr/,Haute,J3,Base existante MC Studio - validation-mails-brevo-startups-lyon.xlsx,ready_for_brevo_review
solutions@simplifia.fr,,,Simplifia,"Bonjour l’équipe Simplifia,",Simplifia : raconter le parcours d’une famille dans la solution 3-en-1,"J’ai regardé votre solution qui réunit logiciel funéraire, vitrine digitale et services aux familles, déjà utilisée par plus de 750 dirigeants de pompes funèbres.","Les trois piliers sont bien identifiés, mais leur continuité dans le quotidien d’une agence reste moins visible : acquisition en ligne, gestion du dossier puis accompagnement de la famille.","Une landing pourrait suivre un seul dossier depuis la première recherche web jusqu’aux services après obsèques, avec les écrans métier et le temps gagné à chaque étape.","Je realise chez MC Studio des landing pages et sites complets pour clarifier l'offre, renforcer la confiance et generer plus de demandes qualifiees. Une landing page demarre a 1 890 EUR HT et un site 5 pages a 2 990 EUR HT.",https://simplifiaforbusiness.com/,Moyenne,J5,Base existante MC Studio - validation-mails-brevo-startups-lyon.xlsx,ready_for_brevo_review
contact@efalia.com,,,Tilkee,"Bonjour l’équipe Tilkee,",Tilkee : rendre les signaux d’achat visibles dans la page,J’ai parcouru votre promesse très forte : révéler ce que le prospect ne dit pas pendant les 98 % du cycle de vente qui se déroulent sans le commercial.,"Le lien intelligent, l’espace documentaire et les analytics sont bien expliqués, mais le moment décisif — savoir qui consulte quoi et quand relancer — pourrait être encore plus visuel.","Une landing pourrait afficher une proposition partagée depuis Salesforce, les pages consultées par plusieurs décideurs puis l’alerte qui déclenche la bonne relance. Le signal commercial deviendrait le héros de la démonstration.","Je realise chez MC Studio des landing pages et sites complets pour clarifier l'offre, renforcer la confiance et generer plus de demandes qualifiees. Une landing page demarre a 1 890 EUR HT et un site 5 pages a 2 990 EUR HT.",https://www.tilkee.com/,Moyenne,J4,Base existante MC Studio - validation-mails-brevo-startups-lyon.xlsx,ready_for_brevo_review
arthur.pinault@sostech.fr,,,SOStech,"Bonjour Arthur,","Arthur, une landing collectivités pour SOStech","J’ai regardé comment SOStech agit contre la fracture numérique auprès des collectivités, entreprises, associations et particuliers, avec des actions déjà déployées d’Arras à Lyon.","Le constat d’un Français sur cinq touché est marquant, mais une collectivité doit encore reconstituer le dispositif concret qu’elle pourrait mettre en place sur son territoire.","Une landing collectivités pourrait montrer le diagnostic local, le recrutement des bénéficiaires, les ateliers puis les résultats d’autonomie, avec une carte des territoires et un cas terrain en preuve.","Je realise chez MC Studio des landing pages et sites complets pour clarifier l'offre, renforcer la confiance et generer plus de demandes qualifiees. Une landing page demarre a 1 890 EUR HT et un site 5 pages a 2 990 EUR HT.",https://sostech.fr/,Haute,J1,Base existante MC Studio - validation-mails-brevo-startups-lyon.xlsx,ready_for_brevo_review
contact@feedbac.fr,,,Feedbac,"Bonjour l’équipe Feedbac,",Feedbac : transformer 697 tonnes collectées en preuve locale,"J’ai parcouru votre offre lyonnaise de tri, collecte et valorisation des biodéchets, avec le bac plein remplacé par un bac propre puis le traitement à Vaulx-en-Velin.","Vos chiffres — 697 tonnes collectées et 231 tonnes d’amendements organiques créées — sont très concrets, mais ils pourraient être reliés plus directement à la décision d’un restaurateur soumis à la loi AGEC.","Une landing “restaurant à Lyon” pourrait montrer l’installation, la fréquence de collecte, le devenir du compost et l’impact mensuel, puis proposer directement le test d’un mois.","Je realise chez MC Studio des landing pages et sites complets pour clarifier l'offre, renforcer la confiance et generer plus de demandes qualifiees. Une landing page demarre a 1 890 EUR HT et un site 5 pages a 2 990 EUR HT.",https://www.feedbac.fr/,Haute,J2,Base existante MC Studio - validation-mails-brevo-startups-lyon.xlsx,ready_for_brevo_review
christophe@bioetlo.fr,,,Bio&Lo,"Bonjour Christophe,","Christophe, une piste pour la page Delaferme","J’ai vu que bioetlo.com renvoie maintenant vers Delaferme, avec vos yaourts bio en vrac, la poche avec doseur et le réseau de fermes partenaires.","Le nouveau modèle est beaucoup plus précis que l’ancien positionnement Bio&Lo, mais la page mélange encore produit, micro-laiterie, collectif d’éleveurs et impact environnemental.","Une landing dédiée à l’hôtellerie ou aux collectivités pourrait montrer la fontaine en situation, le remplissage, la réduction du plastique et le bénéfice pour les éleveurs — avec un calcul simple par établissement.","Je realise chez MC Studio des landing pages et sites complets pour clarifier l'offre, renforcer la confiance et generer plus de demandes qualifiees. Une landing page demarre a 1 890 EUR HT et un site 5 pages a 2 990 EUR HT.",https://www.bioetlo.com/,Haute,J1,Base existante MC Studio - validation-mails-brevo-startups-lyon.xlsx,ready_for_brevo_review
communication@mybookinou.com,,,Bookinou,"Bonjour l’équipe Bookinou,",Bookinou : une landing dédiée au kit école,"J’ai parcouru votre univers pour les 2–7 ans, avec le lecteur, les histoires enregistrées avec sa propre voix et les collections sélectionnées par 500 enseignants.","L’expérience familiale est très incarnée, mais l’offre École, bibliothèque et crèche partage encore la navigation avec toute la boutique grand public.","Une landing Kit école pourrait suivre l’enseignant qui prépare une histoire, l’enfant qui l’écoute en autonomie puis l’usage en classe, avec le contenu du kit et des témoignages pédagogiques visibles sans détour.","Je realise chez MC Studio des landing pages et sites complets pour clarifier l'offre, renforcer la confiance et generer plus de demandes qualifiees. Une landing page demarre a 1 890 EUR HT et un site 5 pages a 2 990 EUR HT.",https://www.mybookinou.com/,Moyenne,J4,Base existante MC Studio - validation-mails-brevo-startups-lyon.xlsx,ready_for_brevo_review
contact@kikleo.com,,,Kikleo,"Bonjour l’équipe Kikleo,",Kikleo : montrer comment la caméra mène à 20 % de gaspillage en moins,"J’ai regardé vos solutions Scan Convoyeur et Borne Convive, qui utilisent la caméra et l’IA pour identifier les restes sans intervention des équipes.","Les 250 restaurants équipés et la réduction annoncée de 20 % sont convaincants, mais le lien entre la mesure d’une assiette et la décision prise en cuisine peut être encore plus direct.","Une landing pourrait suivre un service : détection des aliments jetés, tableau de bord par recette, ajustement des quantités puis économies constatées. Elle aiderait aussi à choisir immédiatement entre convoyeur et borne.","Je realise chez MC Studio des landing pages et sites complets pour clarifier l'offre, renforcer la confiance et generer plus de demandes qualifiees. Une landing page demarre a 1 890 EUR HT et un site 5 pages a 2 990 EUR HT.",https://kikleo.com/,Haute,J3,Base existante MC Studio - validation-mails-brevo-startups-lyon.xlsx,ready_for_brevo_review
hello@labatisse.fr,,,La Bâtisse,"Bonjour l’équipe La Bâtisse,",La Bâtisse : une landing pour recruter les entreprises partenaires,"J’ai parcouru votre page destinée aux futures pionnières du bâtiment : formation financée et rémunérée, sans prérequis, avec 80 % de pratique et plus de 50 % de femmes.","Le parcours candidat est très vivant. En revanche, l’offre destinée aux entreprises qui accueillent les alternantes est beaucoup moins présente alors que vos témoignages montrent des débouchés chez Vinci, Legendre ou Hervé Thermique.","Une landing entreprises pourrait présenter les profils formés en plomberie et électricité, le calendrier d’alternance, l’accompagnement et les réussites de recrutement, avec une prise de contact dédiée.","Je realise chez MC Studio des landing pages et sites complets pour clarifier l'offre, renforcer la confiance et generer plus de demandes qualifiees. Une landing page demarre a 1 890 EUR HT et un site 5 pages a 2 990 EUR HT.",https://www.labatisse.fr/,Moyenne,J5,Base existante MC Studio - validation-mails-brevo-startups-lyon.xlsx,ready_for_brevo_review
support@hello-charly.com,,,Hello Charly,"Bonjour l’équipe Hello Charly,",Hello Charly : une landing dédiée aux établissements scolaires,"J’ai regardé le parcours grand public — top 10 métiers en moins de 30 minutes, 850 fiches métiers et 3 000 fiches formations — ainsi que vos offres pour les professionnels.","La preuve sociale est forte, avec près d’un million de jeunes accompagnés, mais Hello Charly Plus, les jeunes invisibles et la génération de candidatures cohabitent avec le parcours B2C.","Une landing pour établissements pourrait montrer l’animation de l’orientation, le suivi des élèves et les résultats obtenus, séparément de l’application gratuite destinée aux jeunes.","Je realise chez MC Studio des landing pages et sites complets pour clarifier l'offre, renforcer la confiance et generer plus de demandes qualifiees. Une landing page demarre a 1 890 EUR HT et un site 5 pages a 2 990 EUR HT.",https://hello-charly.com/,Moyenne,J5,Base existante MC Studio - validation-mails-brevo-startups-lyon.xlsx,ready_for_brevo_review
paul@behindtheskills.io,,,Behind the Skills,"Bonjour Paul,","Paul, rendre le plan de formation financé plus concret","J’ai parcouru votre offre sur mesure, avec un réseau de 1 200 experts et la prise en charge possible à 100 % par l’OPCO.","La promesse est attractive, mais le visiteur passe rapidement de ses droits non utilisés à un réseau très large de thématiques sans voir à quoi ressemble un plan de formation final.","Une landing pourrait montrer l’audit avec Victor, le choix de deux compétences prioritaires, le montage du financement puis le programme et ses résultats. Un exemple réel rendrait le sur-mesure beaucoup plus tangible.","Je realise chez MC Studio des landing pages et sites complets pour clarifier l'offre, renforcer la confiance et generer plus de demandes qualifiees. Une landing page demarre a 1 890 EUR HT et un site 5 pages a 2 990 EUR HT.",https://www.behindtheskills.io/,Haute,J3,Base existante MC Studio - validation-mails-brevo-startups-lyon.xlsx,ready_for_brevo_review
contact@hupso.co,,,Hupso,"Bonjour l’équipe Hupso,",Hupso : une landing par métier avec le résultat emploi en premier,"J’ai regardé vos huit secteurs de formation, avec 85 % des apprenants en poste sous trois mois, 30 heures de cours particuliers et la promesse “embauché ou remboursé”.","Ces preuves sont fortes, mais la page d’accueil demande encore de parcourir les secteurs avant de se projeter dans un métier, une durée et un financement précis.","Une landing par métier — conducteur de travaux ou responsable logistique, par exemple — pourrait réunir calendrier, accompagnement, CPF, débouchés et témoignage d’embauche dans un parcours unique.","Je realise chez MC Studio des landing pages et sites complets pour clarifier l'offre, renforcer la confiance et generer plus de demandes qualifiees. Une landing page demarre a 1 890 EUR HT et un site 5 pages a 2 990 EUR HT.",https://www.hupso.co/,Moyenne,J4,Base existante MC Studio - validation-mails-brevo-startups-lyon.xlsx,ready_for_brevo_review
contact@toporder.fr,,,Toporder,"Bonjour l’équipe Toporder,",Toporder : une landing caisse par métier de bouche,"J’ai parcouru vos caisses iPad et Android, qui réunissent encaissement, stocks, fidélité, vente en ligne et pilotage à distance.","La note Google de 4,9/5 et la certification NF525 rassurent, mais un boulanger, un boucher ou un caviste ne recherche pas exactement les mêmes écrans ni les mêmes gains.","Une landing boulangerie pourrait montrer l’encaissement en deux touches, l’aide à la production, le stock et la fidélisation sur une journée de commerce, avec une configuration matérielle immédiatement visible.","Je realise chez MC Studio des landing pages et sites complets pour clarifier l'offre, renforcer la confiance et generer plus de demandes qualifiees. Une landing page demarre a 1 890 EUR HT et un site 5 pages a 2 990 EUR HT.",https://toporder.fr/,Moyenne,J5,Base existante MC Studio - validation-mails-brevo-startups-lyon.xlsx,ready_for_brevo_review
service-client@hellocse.fr,,,HelloCSE,"Bonjour l’équipe HelloCSE,",HelloCSE : une landing unique pour les start-up et PME,"J’ai parcouru votre écosystème : billetterie, site CSE, subventions, comptabilité, application mobile, cartes cadeaux et CSE externalisé.","Cette couverture explique votre position de référence et vos notes de 4,9/5 et 4,8/5, mais une petite entreprise peut hésiter entre beaucoup d’entrées avant de comprendre l’offre qui lui correspond.","Une landing start-up/PME pourrait montrer l’expérience salarié d’un côté et les quelques actions d’administration de l’autre, puis comparer clairement l’offre avantages et le CSE externalisé.","Je realise chez MC Studio des landing pages et sites complets pour clarifier l'offre, renforcer la confiance et generer plus de demandes qualifiees. Une landing page demarre a 1 890 EUR HT et un site 5 pages a 2 990 EUR HT.",https://www.hellocse.fr/,Basse,J5,Base existante MC Studio - validation-mails-brevo-startups-lyon.xlsx,ready_for_brevo_review
hello@wedressfair.fr,,,WeDressFair,"Bonjour l’équipe WeDressFair,",WeDressFair : une landing campagne autour du “bon jean”,"J’ai parcouru votre sélection d’été, votre marque propre, la seconde vie et les nombreux filtres par matières et engagements : France, Europe, bio, recyclé, upcyclé ou vegan.","La profondeur du catalogue est une force, mais une campagne d’acquisition peut perdre son impact en renvoyant vers une navigation aussi large.","Une landing autour du “bon jean” pourrait partir de trois critères simples — coupe, matière et lieu de fabrication — puis expliquer la sélection WeDressFair, montrer les modèles et rassurer avec les retours sous 30 jours.","Je realise chez MC Studio des landing pages et sites complets pour clarifier l'offre, renforcer la confiance et generer plus de demandes qualifiees. Une landing page demarre a 1 890 EUR HT et un site 5 pages a 2 990 EUR HT.",https://www.wedressfair.fr/,Moyenne,J5,Base existante MC Studio - validation-mails-brevo-startups-lyon.xlsx,ready_for_brevo_review
contact@horticulture.red,,,RED Horticulture,"Bonjour l’équipe RED Horticulture,",RED Horticulture : montrer une recette lumineuse sur une culture,"J’ai regardé comment vos luminaires RED T, les capteurs RED Sense et le pilotage MyRED agissent ensemble sur les rendements, les cycles et l’énergie.","La plateforme couvre jeunes plants, cultures fil-haut, semences, fruits rouges et fleurs. Pour un producteur, la preuve la plus forte serait de voir le résultat sur sa culture plutôt que la gamme complète.","Une landing dédiée à la tomate ou aux fruits rouges pourrait montrer la recette lumineuse, les données capteurs, l’ajustement MyRED puis l’effet sur rendement, qualité et consommation par mètre carré.","Je realise chez MC Studio des landing pages et sites complets pour clarifier l'offre, renforcer la confiance et generer plus de demandes qualifiees. Une landing page demarre a 1 890 EUR HT et un site 5 pages a 2 990 EUR HT.",https://www.horticulture.red/fr/,Moyenne,J4,Base existante MC Studio - validation-mails-brevo-startups-lyon.xlsx,ready_for_brevo_review
hello@hari-co.fr,,,HARi&CO,"Bonjour l’équipe HARi&CO,",HARi&CO : une landing foodservice centrée sur l’usage en cuisine,"J’ai parcouru vos galettes, boulettes, falafels, Veggie Box et gamme apéro, avec des légumineuses françaises, des recettes sans additifs et des listes d’ingrédients courtes.","L’univers grand public est gourmand et très incarné par les HARi’CULTEURS. Pour un chef ou un acheteur foodservice, les formats, les usages et le rendement en cuisine restent toutefois moins visibles.","Une landing pro pourrait présenter trois recettes en situation, le temps de préparation, les formats disponibles et la composition, puis conduire à une demande d’échantillon.","Je realise chez MC Studio des landing pages et sites complets pour clarifier l'offre, renforcer la confiance et generer plus de demandes qualifiees. Une landing page demarre a 1 890 EUR HT et un site 5 pages a 2 990 EUR HT.",https://hari-co.com/,Moyenne,J5,Base existante MC Studio - validation-mails-brevo-startups-lyon.xlsx,ready_for_brevo_review
contact@flease.fr,,,Flease,"Bonjour l’équipe Flease,",Flease : rendre la flexibilité LMD/LLD immédiatement comparable,"J’ai regardé votre offre de véhicules quasi-neufs pour les entreprises, livrés rapidement, avec la possibilité de changer de modèle en cours de contrat.","La promesse de LMD et LLD flexible est séduisante, mais un gestionnaire de parc veut surtout comprendre quelle formule choisir selon la durée, le nombre de véhicules et l’évolution de ses besoins.","Une landing pourrait poser trois questions, recommander le bon format puis afficher véhicules, délai de livraison et conditions de changement dans un comparatif simple.","Je realise chez MC Studio des landing pages et sites complets pour clarifier l'offre, renforcer la confiance et generer plus de demandes qualifiees. Une landing page demarre a 1 890 EUR HT et un site 5 pages a 2 990 EUR HT.",https://www.flease.fr/,Haute,J2,Base existante MC Studio - validation-mails-brevo-startups-lyon.xlsx,ready_for_brevo_review
contact@myexpressdriver.com,,,My Express Driver,"Bonjour l’équipe My Express Driver,",My Express Driver : une landing dédiée aux gestionnaires de flotte,"J’ai parcouru votre parcours de convoyage : devis instantané, prise en charge, suivi en temps réel, livraison et gestion documentaire digitalisée avec API.","Les preuves sont fortes — plus de 2 000 transports par mois, 95 % de clients satisfaits et 20 minutes de délai de réponse — mais les parcours particuliers, convoyeurs et professionnels partagent la même page.","Une landing flotte pourrait suivre cinq véhicules déposés via l’API, leur affectation, le suivi et les documents de livraison, avec les témoignages Orange, BPI France ou Dalkia.","Je realise chez MC Studio des landing pages et sites complets pour clarifier l'offre, renforcer la confiance et generer plus de demandes qualifiees. Une landing page demarre a 1 890 EUR HT et un site 5 pages a 2 990 EUR HT.",https://myexpressdriver.com/,Haute,J3,Base existante MC Studio - validation-mails-brevo-startups-lyon.xlsx,ready_for_brevo_review
contact@wizeup.fr,,,WizeUp,"Bonjour l’équipe WizeUp,",WizeUp : montrer la continuité d’une assistante augmentée par l’IA,"J’ai vu que votre offre est aujourd’hui centrée sur l’externalisation administrative, comptable et juridique, avec des assistants Élite, Polyvalents ou de Projet augmentés par l’IA.","Votre différence ne tient pas seulement à la délégation : recrutement et formation, management continu, poste doublé, contrat français et continuité de service. Ces garanties méritent d’être visualisées.","Une landing pour cabinets comptables ou juridiques pourrait suivre l’arrivée d’une mission, son traitement par l’assistante, le contrôle qualité et le relais en cas d’absence, avec la confiance de plus de 200 entrepreneurs.","Je realise chez MC Studio des landing pages et sites complets pour clarifier l'offre, renforcer la confiance et generer plus de demandes qualifiees. Une landing page demarre a 1 890 EUR HT et un site 5 pages a 2 990 EUR HT.",https://wizeup.fr/,Haute,J3,Base existante MC Studio - validation-mails-brevo-startups-lyon.xlsx,ready_for_brevo_review
contact@ludocare.com,,,Ludocare,"Bonjour l’équipe Ludocare,",Ludocare : montrer le rituel quotidien de JOE,"J’ai découvert JOE, votre dispositif thérapeutique pédiatrique sur prescription qui associe un compagnon interactif pour l’enfant et une application pour les parents.","Le rappel du traitement, le guidage du geste d’inhalation et l’apprentissage ludique répondent très précisément aux problèmes d’observance et de mauvaise technique dans l’asthme infantile.","Une landing pourrait raconter un matin avec JOE : rappel, geste guidé, encouragement de l’enfant puis suivi côté parent. Les preuves cliniques viendraient ensuite valider ce parcours très humain.","Je realise chez MC Studio des landing pages et sites complets pour clarifier l'offre, renforcer la confiance et generer plus de demandes qualifiees. Une landing page demarre a 1 890 EUR HT et un site 5 pages a 2 990 EUR HT.",https://www.ludocare.com/en/homepage/,Moyenne,J5,Base existante MC Studio - validation-mails-brevo-startups-lyon.xlsx,ready_for_brevo_review
contact@dylogy.com,,,Dylogy,"Bonjour l’équipe Dylogy,",Dylogy : montrer le risque détecté dans un contrat réel,"J’ai parcouru votre plateforme d’analyse documentaire pour assureurs, réassureurs et courtiers, avec classement, versioning et extraction des risques par l’IA.","La promesse “révéler les risques au-delà des mots” est forte, mais la modularité de la plateforme reste abstraite sans document métier suivi jusqu’à la décision.","Une landing pourrait montrer un contrat importé, les clauses et données clés extraites, un risque signalé puis la décision du souscripteur, tout en expliquant comment l’espace de travail s’adapte à sa méthode.","Je realise chez MC Studio des landing pages et sites complets pour clarifier l'offre, renforcer la confiance et generer plus de demandes qualifiees. Une landing page demarre a 1 890 EUR HT et un site 5 pages a 2 990 EUR HT.",https://dylogy.com/,Haute,J2,Base existante MC Studio - validation-mails-brevo-startups-lyon.xlsx,ready_for_brevo_review
contact@fleezy.io,,,Fleezy,"Bonjour l’équipe Fleezy,",Fleezy : montrer la disparition d’un équipement perdu,"J’ai regardé comment Fleezy centralise les équipements IT, téléphones, outils, véhicules et EPI affectés aux collaborateurs, avec une mise en route en moins d’une journée.","Vos résultats — 70 heures gagnées par équipe, 300 % de ROI moyen et 70 % de pertes en moins — sont très parlants, mais le premier usage pourrait être encore plus visuel.","Une landing pourrait suivre un ordinateur depuis l’inventaire mobile jusqu’à l’affectation, l’alerte de maintenance puis la restitution lors d’un départ, avec l’historique complet dans le tableau de bord.","Je realise chez MC Studio des landing pages et sites complets pour clarifier l'offre, renforcer la confiance et generer plus de demandes qualifiees. Une landing page demarre a 1 890 EUR HT et un site 5 pages a 2 990 EUR HT.",https://www.fleezy.io/,Haute,J3,Base existante MC Studio - validation-mails-brevo-startups-lyon.xlsx,ready_for_brevo_review
projet@archi-vr.fr,,,Archi-VR,"Bonjour l’équipe Archi-VR,",Archi-VR : montrer le passage du plan à la visite immersive,"J’ai tenté de consulter archi-vr.fr, mais le site ne s’est pas chargé correctement lors de ma visite. Pour une offre fondée sur l’immersion, cette première impression peut malheureusement faire perdre des projets.",Votre démonstration la plus naturelle reste pourtant très visuelle : transformer un plan ou une maquette en visite à l’échelle 1 pour aider un client à comprendre et décider avant construction.,"Une landing légère pourrait montrer un projet en pleine largeur, le passage plan → environnement VR, puis les décisions prises grâce à la visite, avec un appel clair à envoyer un fichier ou demander une démo.","Je realise chez MC Studio des landing pages et sites complets pour clarifier l'offre, renforcer la confiance et generer plus de demandes qualifiees. Une landing page demarre a 1 890 EUR HT et un site 5 pages a 2 990 EUR HT.",https://archi-vr.fr/,Haute,J4,Base existante MC Studio - validation-mails-brevo-startups-lyon.xlsx,ready_for_brevo_review
hello@signitic.com,,,Signitic,"Bonjour l’équipe Signitic,",Signitic : faire de la signature le quatrième canal d’acquisition,"J’ai parcouru votre plateforme Google Workspace et Microsoft 365, qui donne au marketing le contrôle des signatures et campagnes sans dépendre de l’IT.","Le cas Claranet est particulièrement fort : Signitic est devenu leur quatrième source de trafic, devant LinkedIn Ads. Cette preuve pourrait porter une landing entière par persona marketing.","Je verrais une page qui part d’une campagne créée par l’équipe marketing, montre le déploiement instantané sur les signatures puis les clics et conversions mesurés, avec les 5 000 entreprises équipées en preuve.","Je realise chez MC Studio des landing pages et sites complets pour clarifier l'offre, renforcer la confiance et generer plus de demandes qualifiees. Une landing page demarre a 1 890 EUR HT et un site 5 pages a 2 990 EUR HT.",https://www.signitic.com/,Basse,J5,Base existante MC Studio - validation-mails-brevo-startups-lyon.xlsx,ready_for_brevo_review
thibault@atypique.eco,,,Atypique,"Bonjour Thibault,","Thibault, une landing saisonnière pour l’offre Atypique","J’ai parcouru votre offre de fruits et légumes français déclassés, avec un parcours distinct pour restaurateurs et producteurs et des exemples très concrets selon les saisons.","Le positionnement anti-gaspi est immédiatement compris, mais un acheteur pro veut surtout voir ce qui est disponible cette semaine, d’où cela vient et quelle économie il peut réaliser.","Une landing saisonnière pourrait afficher le panier du moment — par exemple tomates, courgettes ou fraises — l’origine producteur, les défauts acceptés et l’impact évité, puis conduire directement à la création de compte.","Je realise chez MC Studio des landing pages et sites complets pour clarifier l'offre, renforcer la confiance et generer plus de demandes qualifiees. Une landing page demarre a 1 890 EUR HT et un site 5 pages a 2 990 EUR HT.",https://atypique.eco/,Haute,J4,Base existante MC Studio - validation-mails-brevo-startups-lyon.xlsx,ready_for_brevo_review
contact@finishers.com,,,Finishers,"Bonjour l’équipe Finishers,",Finishers : une landing organisateur autour des 3 M de visiteurs,"J’ai parcouru votre offre organisateurs : page événement premium, inscriptions, communication, studio et Memories, déjà utilisée par plus de 1 500 courses.","Vos chiffres sont puissants — 3 millions de visiteurs uniques par mois, 300 000 emails opt-in et 61 millions de pages vues — mais les cinq offres peuvent rendre le premier choix difficile.","Une landing pourrait partir d’un objectif simple, remplir plus de dossards, puis montrer la page course, la campagne d’acquisition et les inscriptions générées avant de proposer les options Studio ou Memories.","Je realise chez MC Studio des landing pages et sites complets pour clarifier l'offre, renforcer la confiance et generer plus de demandes qualifiees. Une landing page demarre a 1 890 EUR HT et un site 5 pages a 2 990 EUR HT.",https://www.finishers.com/,Moyenne,J4,Base existante MC Studio - validation-mails-brevo-startups-lyon.xlsx,ready_for_brevo_review
contact@envisport.fr,,,Envisport,"Bonjour l’équipe Envisport,",Envisport : une landing qui relie entreprise et sport associatif local,"J’ai découvert vos trois expériences — Team Building ATYPIK, En forme au travail et animations de quartier — appuyées par un réseau de plus de 10 000 structures partenaires.","Votre différence est plus forte qu’une simple offre de bien-être : vous mobilisez les associations et éducateurs locaux, dont beaucoup disposent encore de créneaux et de compétences sous-utilisés.","Une landing pourrait suivre une entreprise, son besoin d’animation, l’association sélectionnée à proximité puis la séance et son impact, avec une carte du réseau et les références Foncia ou AG2R La Mondiale.","Je realise chez MC Studio des landing pages et sites complets pour clarifier l'offre, renforcer la confiance et generer plus de demandes qualifiees. Une landing page demarre a 1 890 EUR HT et un site 5 pages a 2 990 EUR HT.",https://www.envisport.fr/,Haute,J2,Base existante MC Studio - validation-mails-brevo-startups-lyon.xlsx,ready_for_brevo_review
